,0,Arterial,Gut,GutLumen,Lung,Venous,Rest,Liver,Metab,Kidney,Tubules,"('Arterial', 'Arterial')","('Arterial', 'Gut')","('Arterial', 'GutLumen')","('Arterial', 'Lung')","('Arterial', 'Venous')","('Arterial', 'Rest')","('Arterial', 'Liver')","('Arterial', 'Metab')","('Arterial', 'Kidney')","('Arterial', 'Tubules')","('Gut', 'Gut')","('Gut', 'GutLumen')","('Gut', 'Lung')","('Gut', 'Venous')","('Gut', 'Rest')","('Gut', 'Liver')","('Gut', 'Metab')","('Gut', 'Kidney')","('Gut', 'Tubules')","('GutLumen', 'GutLumen')","('GutLumen', 'Lung')","('GutLumen', 'Venous')","('GutLumen', 'Rest')","('GutLumen', 'Liver')","('GutLumen', 'Metab')","('GutLumen', 'Kidney')","('GutLumen', 'Tubules')","('Lung', 'Lung')","('Lung', 'Venous')","('Lung', 'Rest')","('Liver', 'Lung')","('Lung', 'Metab')","('Kidney', 'Lung')","('Lung', 'Tubules')","('Venous', 'Venous')","('Rest', 'Venous')","('Liver', 'Venous')","('Metab', 'Venous')","('Kidney', 'Venous')","('Tubules', 'Venous')","('Rest', 'Rest')","('Liver', 'Rest')","('Metab', 'Rest')","('Kidney', 'Rest')","('Rest', 'Tubules')","('Liver', 'Liver')","('Liver', 'Metab')","('Kidney', 'Liver')","('Liver', 'Tubules')","('Metab', 'Metab')","('Kidney', 'Metab')","('Metab', 'Tubules')","('Kidney', 'Kidney')","('Kidney', 'Tubules')","('Tubules', 'Tubules')","('Arterial', 'Arterial', 'Arterial')","('Arterial', 'Arterial', 'Gut')","('Arterial', 'Arterial', 'GutLumen')","('Arterial', 'Arterial', 'Lung')","('Arterial', 'Arterial', 'Venous')","('Arterial', 'Arterial', 'Rest')","('Arterial', 'Arterial', 'Liver')","('Arterial', 'Arterial', 'Metab')","('Arterial', 'Arterial', 'Kidney')","('Arterial', 'Arterial', 'Tubules')","('Arterial', 'Gut', 'Gut')","('Arterial', 'Gut', 'GutLumen')","('Arterial', 'Gut', 'Lung')","('Arterial', 'Gut', 'Venous')","('Arterial', 'Gut', 'Rest')","('Arterial', 'Gut', 'Liver')","('Arterial', 'Gut', 'Metab')","('Arterial', 'Gut', 'Kidney')","('Arterial', 'Gut', 'Tubules')","('Arterial', 'GutLumen', 'GutLumen')","('Arterial', 'GutLumen', 'Lung')","('Arterial', 'GutLumen', 'Venous')","('Arterial', 'GutLumen', 'Rest')","('Arterial', 'GutLumen', 'Liver')","('Arterial', 'GutLumen', 'Metab')","('Arterial', 'GutLumen', 'Kidney')","('Arterial', 'GutLumen', 'Tubules')","('Arterial', 'Lung', 'Lung')","('Arterial', 'Lung', 'Venous')","('Arterial', 'Lung', 'Rest')","('Arterial', 'Liver', 'Lung')","('Arterial', 'Lung', 'Metab')","('Arterial', 'Kidney', 'Lung')","('Arterial', 'Lung', 'Tubules')","('Arterial', 'Venous', 'Venous')","('Arterial', 'Rest', 'Venous')","('Arterial', 'Liver', 'Venous')","('Arterial', 'Metab', 'Venous')","('Arterial', 'Kidney', 'Venous')","('Arterial', 'Tubules', 'Venous')","('Arterial', 'Rest', 'Rest')","('Arterial', 'Liver', 'Rest')","('Arterial', 'Metab', 'Rest')","('Arterial', 'Kidney', 'Rest')","('Arterial', 'Rest', 'Tubules')","('Arterial', 'Liver', 'Liver')","('Arterial', 'Liver', 'Metab')","('Arterial', 'Kidney', 'Liver')","('Arterial', 'Liver', 'Tubules')","('Arterial', 'Metab', 'Metab')","('Arterial', 'Kidney', 'Metab')","('Arterial', 'Metab', 'Tubules')","('Arterial', 'Kidney', 'Kidney')","('Arterial', 'Kidney', 'Tubules')","('Arterial', 'Tubules', 'Tubules')","('Gut', 'Gut', 'Gut')","('Gut', 'Gut', 'GutLumen')","('Gut', 'Gut', 'Lung')","('Gut', 'Gut', 'Venous')","('Gut', 'Gut', 'Rest')","('Gut', 'Gut', 'Liver')","('Gut', 'Gut', 'Metab')","('Gut', 'Gut', 'Kidney')","('Gut', 'Gut', 'Tubules')","('Gut', 'GutLumen', 'GutLumen')","('Gut', 'GutLumen', 'Lung')","('Gut', 'GutLumen', 'Venous')","('Gut', 'GutLumen', 'Rest')","('Gut', 'GutLumen', 'Liver')","('Gut', 'GutLumen', 'Metab')","('Gut', 'GutLumen', 'Kidney')","('Gut', 'GutLumen', 'Tubules')","('Gut', 'Lung', 'Lung')","('Gut', 'Lung', 'Venous')","('Gut', 'Lung', 'Rest')","('Gut', 'Liver', 'Lung')","('Gut', 'Lung', 'Metab')","('Gut', 'Kidney', 'Lung')","('Gut', 'Lung', 'Tubules')","('Gut', 'Venous', 'Venous')","('Gut', 'Rest', 'Venous')","('Gut', 'Liver', 'Venous')","('Gut', 'Metab', 'Venous')","('Gut', 'Kidney', 'Venous')","('Gut', 'Tubules', 'Venous')","('Gut', 'Rest', 'Rest')","('Gut', 'Liver', 'Rest')","('Gut', 'Metab', 'Rest')","('Gut', 'Kidney', 'Rest')","('Gut', 'Rest', 'Tubules')","('Gut', 'Liver', 'Liver')","('Gut', 'Liver', 'Metab')","('Gut', 'Kidney', 'Liver')","('Gut', 'Liver', 'Tubules')","('Gut', 'Metab', 'Metab')","('Gut', 'Kidney', 'Metab')","('Gut', 'Metab', 'Tubules')","('Gut', 'Kidney', 'Kidney')","('Gut', 'Kidney', 'Tubules')","('Gut', 'Tubules', 'Tubules')","('GutLumen', 'GutLumen', 'GutLumen')","('GutLumen', 'GutLumen', 'Lung')","('GutLumen', 'GutLumen', 'Venous')","('GutLumen', 'GutLumen', 'Rest')","('GutLumen', 'GutLumen', 'Liver')","('GutLumen', 'GutLumen', 'Metab')","('GutLumen', 'GutLumen', 'Kidney')","('GutLumen', 'GutLumen', 'Tubules')","('GutLumen', 'Lung', 'Lung')","('GutLumen', 'Lung', 'Venous')","('GutLumen', 'Lung', 'Rest')","('GutLumen', 'Liver', 'Lung')","('GutLumen', 'Lung', 'Metab')","('GutLumen', 'Kidney', 'Lung')","('GutLumen', 'Lung', 'Tubules')","('GutLumen', 'Venous', 'Venous')","('GutLumen', 'Rest', 'Venous')","('GutLumen', 'Liver', 'Venous')","('GutLumen', 'Metab', 'Venous')","('GutLumen', 'Kidney', 'Venous')","('GutLumen', 'Tubules', 'Venous')","('GutLumen', 'Rest', 'Rest')","('GutLumen', 'Liver', 'Rest')","('GutLumen', 'Metab', 'Rest')","('GutLumen', 'Kidney', 'Rest')","('GutLumen', 'Rest', 'Tubules')","('GutLumen', 'Liver', 'Liver')","('GutLumen', 'Liver', 'Metab')","('GutLumen', 'Kidney', 'Liver')","('GutLumen', 'Liver', 'Tubules')","('GutLumen', 'Metab', 'Metab')","('GutLumen', 'Kidney', 'Metab')","('GutLumen', 'Metab', 'Tubules')","('GutLumen', 'Kidney', 'Kidney')","('GutLumen', 'Kidney', 'Tubules')","('GutLumen', 'Tubules', 'Tubules')","('Lung', 'Lung', 'Lung')","('Lung', 'Lung', 'Venous')","('Lung', 'Lung', 'Rest')","('Liver', 'Lung', 'Lung')","('Lung', 'Lung', 'Metab')","('Kidney', 'Lung', 'Lung')","('Lung', 'Lung', 'Tubules')","('Lung', 'Venous', 'Venous')","('Lung', 'Rest', 'Venous')","('Liver', 'Lung', 'Venous')","('Lung', 'Metab', 'Venous')","('Kidney', 'Lung', 'Venous')","('Lung', 'Tubules', 'Venous')","('Lung', 'Rest', 'Rest')","('Liver', 'Lung', 'Rest')","('Lung', 'Metab', 'Rest')","('Kidney', 'Lung', 'Rest')","('Lung', 'Rest', 'Tubules')","('Liver', 'Liver', 'Lung')","('Liver', 'Lung', 'Metab')","('Kidney', 'Liver', 'Lung')","('Liver', 'Lung', 'Tubules')","('Lung', 'Metab', 'Metab')","('Kidney', 'Lung', 'Metab')","('Lung', 'Metab', 'Tubules')","('Kidney', 'Kidney', 'Lung')","('Kidney', 'Lung', 'Tubules')","('Lung', 'Tubules', 'Tubules')","('Venous', 'Venous', 'Venous')","('Rest', 'Venous', 'Venous')","('Liver', 'Venous', 'Venous')","('Metab', 'Venous', 'Venous')","('Kidney', 'Venous', 'Venous')","('Tubules', 'Venous', 'Venous')","('Rest', 'Rest', 'Venous')","('Liver', 'Rest', 'Venous')","('Metab', 'Rest', 'Venous')","('Kidney', 'Rest', 'Venous')","('Rest', 'Tubules', 'Venous')","('Liver', 'Liver', 'Venous')","('Liver', 'Metab', 'Venous')","('Kidney', 'Liver', 'Venous')","('Liver', 'Tubules', 'Venous')","('Metab', 'Metab', 'Venous')","('Kidney', 'Metab', 'Venous')","('Metab', 'Tubules', 'Venous')","('Kidney', 'Kidney', 'Venous')","('Kidney', 'Tubules', 'Venous')","('Tubules', 'Tubules', 'Venous')","('Rest', 'Rest', 'Rest')","('Liver', 'Rest', 'Rest')","('Metab', 'Rest', 'Rest')","('Kidney', 'Rest', 'Rest')","('Rest', 'Rest', 'Tubules')","('Liver', 'Liver', 'Rest')","('Liver', 'Metab', 'Rest')","('Kidney', 'Liver', 'Rest')","('Liver', 'Rest', 'Tubules')","('Metab', 'Metab', 'Rest')","('Kidney', 'Metab', 'Rest')","('Metab', 'Rest', 'Tubules')","('Kidney', 'Kidney', 'Rest')","('Kidney', 'Rest', 'Tubules')","('Rest', 'Tubules', 'Tubules')","('Liver', 'Liver', 'Liver')","('Liver', 'Liver', 'Metab')","('Kidney', 'Liver', 'Liver')","('Liver', 'Liver', 'Tubules')","('Liver', 'Metab', 'Metab')","('Kidney', 'Liver', 'Metab')","('Liver', 'Metab', 'Tubules')","('Kidney', 'Kidney', 'Liver')","('Kidney', 'Liver', 'Tubules')","('Liver', 'Tubules', 'Tubules')","('Metab', 'Metab', 'Metab')","('Kidney', 'Metab', 'Metab')","('Metab', 'Metab', 'Tubules')","('Kidney', 'Kidney', 'Metab')","('Kidney', 'Metab', 'Tubules')","('Metab', 'Tubules', 'Tubules')","('Kidney', 'Kidney', 'Kidney')","('Kidney', 'Kidney', 'Tubules')","('Kidney', 'Tubules', 'Tubules')","('Tubules', 'Tubules', 'Tubules')"
Arterial,0.0,0.0,0.0,0.0,0.0,0.0,-0.0,0.0,-0.0,0.0,-0.0,0.0,0.0,0.0,0.0,0.0,-0.0,0.0,-0.0,0.0,-0.0,0.0,0.0,0.0,0.0,0.0,0.0,-0.0,0.0,-0.0,0.0,0.0,0.0007975237286102178,0.0,0.0014788573946100804,0.0,0.0,0.0,0.0,0.0,-0.0,0.0,-0.0,0.0,-0.0,0.0,-0.0,0.0,-0.0,0.0,-0.0,-0.0,0.0,-0.0,-0.0,-0.0,0.0,-0.0,0.0,-0.0,-0.0,-0.0,-0.0,0.0,-0.0,-0.0,0.0,0.0,0.0,0.0,0.0,0.0,0.0,-0.0,0.0,-0.0,0.0,0.0,0.0,0.0,0.0,0.0,-0.0,0.0,-0.0,0.0,0.0,0.0,0.0,0.0,0.0,0.0,0.0,0.0,0.0,0.0,0.0,-0.0,0.0,-0.0,0.0,0.0,0.0,-0.0,0.0,-0.0,-0.0,0.0,-0.0,0.0,-0.0,0.0,-0.0,0.0,-0.0,-0.0,-0.0,-0.0,0.0,-0.0,-0.0,0.0,0.0,0.0,0.0,0.0,0.0,-0.0,0.0,-0.0,0.0,0.0,0.0,0.0,0.0,0.0,0.0,0.0,0.0,0.0,0.0,0.0,-0.0,0.0,-0.0,0.0,0.0,0.0,-0.0,0.0,-0.0,0.0,0.0,-0.0,0.0,-0.0,0.0,-0.0,0.0,-0.0,-0.0,-0.0,-0.0,0.0,-0.0,-0.0,0.0,0.0,0.0,0.0,0.0,0.0,0.0,0.0,0.0,0.0,0.0,0.0,0.0,0.0,0.0,0.0,0.0,0.0,0.0,0.0,0.0,0.0,0.0,0.0,0.0,0.0,0.0,0.0,0.0,0.0,0.0,0.0,-0.0,0.0,0.0,-0.0,0.0,0.0,0.0,0.0,-0.0,0.0,-0.0,0.0,0.0,0.0,-0.0,0.0,-0.0,-0.0,0.0,-0.0,0.0,-0.0,0.0,-0.0,0.0,-0.0,-0.0,-0.0,-0.0,0.0,-0.0,-0.0,0.0,0.0,0.0,-0.0,0.0,-0.0,-0.0,0.0,-0.0,0.0,-0.0,0.0,-0.0,0.0,-0.0,-0.0,-0.0,-0.0,0.0,-0.0,-0.0,-0.0,0.0,-0.0,-0.0,-0.0,0.0,-0.0,0.0,-0.0,-0.0,-0.0,-0.0,0.0,-0.0,-0.02918704830494158,0.0,-0.0,0.0,-0.0,-0.0,-0.0,-0.0,0.0,-0.0,-0.0,-0.0,-0.0,-0.0,-0.0,-0.0,-0.0,0.0,-0.0,-0.0,-0.0
Gut,0.0,-0.0,0.0,0.0,-0.0,-0.0,-0.0006692173226221046,-0.0,-0.0,-0.0839577623325553,-0.0,-0.0,-0.0,-0.0,-0.0,-0.0,-0.0,-0.0,-0.0,-0.0,-0.0,-0.0,0.0,-0.0,-0.0,-0.0,-0.0,-0.0,-0.0,-0.0,0.0,-0.0,-0.0,-0.0,0.0,-0.0,-0.0,-0.0,-0.0,-0.0,-0.0,-0.0,-0.0,-0.0,-0.0,-0.0,-0.0,-0.0,-0.0,-0.0,-0.0,-0.0,-0.0,-0.0,-0.0,-0.0,-0.0,-0.0,-0.0,-0.0,-0.0,-0.0,-0.0,-0.0,-0.0,-0.0,-0.0,-0.0,-0.0,-0.0,-0.0,-0.0,-0.0,-0.0,-0.0,-0.0,-0.0,-0.0,-0.0,-0.0,-0.0,-0.0,-0.0,-0.0,-0.0,-0.0,-0.0,-0.0,-0.0,-0.0,-0.0,-0.0,-0.0,-0.0,-0.0,-0.0,-0.0,-0.0,-0.0,-0.0,-0.0,-0.0,-0.0,-0.0,-0.0,-0.0,-0.0,-0.0,-0.0,-0.0,-0.0,-0.0,-0.0,-0.0,-0.0,-0.0,-0.0,-0.0,-0.0,-0.0,-0.0,-0.0,0.0,-0.0,-0.0,-0.0,-0.0,-0.0,-0.0,-0.0,0.00021878148962466425,-0.0,-0.0,-0.0,0.0,-0.0,-0.0,-0.0,-0.0,-0.0,-0.0,-0.0,-0.0,-0.0,-0.0,-0.0,-0.0,-0.0,-0.0,-0.0,-0.0,-0.0,-0.0,-0.0,-0.0,-0.0,-0.0,-0.0,-0.0,-0.0,-0.0,-0.0,-0.0,-0.0,-0.0,-0.0,2.7032452175880478e-06,-0.0,-0.0,-0.0,0.0,-0.0,-0.0,-0.0,-0.0,-0.0,-0.0,-0.0,-0.0,-0.0,-0.0,-0.0,-0.0,-0.0,-0.0,-0.0,-0.0,-0.0,-0.0,-0.0,-0.0,-0.0,-0.0,-0.0,-0.0,-0.0,-0.0,-0.0,-0.0,-0.0,-0.0,-0.0,-0.0,-0.0,-0.0,-0.0,-0.0,-0.0,-0.0,-0.0,-0.0,-0.0,-0.0,-0.0,-0.0,-0.0,-0.0,-0.0,-0.0,-0.0,-0.0,-0.0,-0.0,-0.0,-0.0,-0.0,-0.0,-0.0,-0.0,-0.0,-0.0,-0.0,-0.0,-0.0,-0.0,-0.0,-0.0,-0.0,-0.0,-0.0,-0.0,-0.0,-0.0,-0.0,-0.0,-0.0,-0.0,-0.0,-0.0,-0.0,-0.0,-0.0,-0.0,-0.0,-0.0,-0.0,-0.0,-0.0,-0.0,-0.0,-0.0,-0.0,-0.0,-0.0,-0.0,-0.0,-0.0,-0.0,-0.0,-0.0,-0.0,-0.0,-0.0,-0.0,-0.0,-0.0,-0.0,-0.0,-0.0,-0.0,-0.0,-0.0,-0.0,-0.0,-0.0,-0.0
GutLumen,0.0,-0.0,-0.0,-0.0,-0.0,-0.0,0.0,-0.0,0.0,-0.0,0.0,-0.0,-0.0,-0.03647380937572226,-0.0,-0.0,0.0,-0.0,0.0,-0.0,0.0,-0.0,-0.010972784690981927,-0.0,-0.0,-0.0,-0.0,0.0,-0.0,0.0,-0.0,-0.03069403099841229,-0.006934830649397079,-0.0,-0.0,-0.0,-0.0,-0.0,-0.0,-0.0,0.0,-0.0,0.0,-0.0,0.0,-0.0,0.0,-0.0,0.0,-0.0,0.0,0.0,-0.0,0.0,0.0,0.0,-0.0,0.0,-0.0,0.0,0.0,0.0,0.0,-0.0,0.0,0.0,-0.0,-0.0,-0.0,-0.0,-0.0,-0.0,-0.0,0.0,-0.0,0.0,-0.0,-0.0,-0.0,-0.0,-0.0,-0.0,0.0,-0.0,0.0,-0.0,-0.0,-0.0,-0.0,-0.0,-0.0,-0.0,-0.0,-0.0,-0.0,-0.0,-0.0,0.0,-0.0,0.0,-0.0,-0.0,-0.0,0.0,-0.0,0.0,0.0,-0.0,0.0,-0.0,0.0,-0.0,0.0,-0.0,0.0,0.0,0.0,0.0,-0.0,0.0,0.0,-1.699789002637781,-0.0,-0.0,-0.0,-0.0,-0.0,0.0,-0.0,0.0,-0.0,-0.0,-0.0,-0.0,-0.0,-0.0,-0.0,-0.0,-0.0,-0.0,-0.0,-0.0,0.0,-0.0,0.0,-0.0,-0.0,-0.0,0.0,-0.0,0.0,-0.0,-0.0,0.0,-0.0,0.0,-0.8816634989921112,0.0,-0.0,0.0,0.0,0.0,0.0,-0.0,0.0,0.0,-0.0,-0.0,-0.0,-0.0,-0.0,-0.0,-0.0,-0.0,-2.0925536612800846,-0.02970607379606701,-0.0,-0.0,-0.0,-0.0,-0.0,-0.013673555672993533,-0.0,-0.0,-0.0,-0.0,-0.0,-0.0032733110591622516,-0.0,-0.017820413187425683,-0.0,-0.0,-0.0,-0.0,-0.0,-0.0,-0.0,-0.0,0.0,-0.0,-0.0,0.0,-0.0,-0.0,-0.0,-0.0,0.0,-0.0,0.0,-0.0,-0.0,-0.0,0.0,-0.0,0.0,0.0,-0.0,0.0,-0.0,0.0,-0.0,0.0,-0.0,0.0,0.0,0.0,0.0,-0.0,0.0,0.0,-0.0,-0.0,-0.0,0.0,-0.0,0.0,0.0,-0.0,0.0,-0.0,0.0,-0.0,0.0,-0.0,0.0,0.0,0.0,0.0,-0.0,0.0,0.0,0.0,-0.0,0.0,0.0,0.0028212677758226996,-0.0,0.0,-0.0,0.0,0.0,0.0,0.0,-0.0,0.0,0.0,-0.0,0.0,-0.0,0.0,0.0,0.0,0.0,-0.0,0.0,0.0,0.0,0.0,0.0,0.0,0.0,0.0,-0.0,0.0,0.0,0.0
Lung,0.0,0.0,0.0,0.0,0.0,0.0,-0.0,0.0,-0.0,0.0,-0.0,0.0,0.0,0.0,0.0,0.0,-0.0,0.0,-0.0,0.0,-0.0,0.0,0.0,0.0,0.0,0.0,0.0,-0.0,0.0,-0.0,0.0,0.0,0.0,0.0,0.0,0.0,0.0,0.0,0.0,0.0,-0.0,0.0,-0.0,0.0,-0.0,0.0,-0.0,0.0,-0.0,0.0,-0.0,-0.0,0.0,-0.0,-0.0,-0.0,0.0,-0.0,0.0,-0.0,-0.0,-0.0,-0.0,0.0,-0.0,-0.0,0.0,0.0,0.0,0.0,0.0,-0.0,0.0,-0.0,0.0,-0.0,0.0,0.0,0.0,0.0,0.0,0.0,-0.0,0.0,-0.0,0.0,0.0,0.0,0.0,0.0,0.0,0.0,0.0,0.0,0.0,-0.0,0.0,-0.0,0.0,-0.0,0.0,-0.0,0.0,-0.0,0.0,-0.0,-0.0,0.0,-0.0,-0.0,-0.0,0.0,-0.0,0.0,-0.0,-0.0,-0.0,-0.0,0.0,-0.0,-0.0,0.0,0.0,0.0,0.0,0.0,0.0,-0.0,0.0,-0.0,0.0,0.0,0.0,0.0,0.0,0.0,0.0,0.0,0.0,0.0,0.0,0.0,-0.0,0.0,-0.0,0.0,0.0,0.0,-0.0,0.0,-0.0,-0.0,0.0,-0.0,0.0,-0.0,0.0,-0.0,0.0,-0.0,-0.0,-0.0,-0.0,0.0,-0.0,-0.0,0.0,0.0,0.0,0.0,0.0,0.0,0.0,0.0,0.0,0.0,0.0,0.0,0.0,0.0,0.0,0.0,0.0,0.0,0.0,0.0,0.0,0.0,0.0,0.0,0.0,0.0,0.0,0.0,0.0,0.0,0.0,0.0,-0.0,0.0,0.0,-0.0,0.0,0.0,-0.0,0.0,-0.0,0.0,-0.0,0.0,-0.0,0.0,-0.0,0.0,-0.0,-0.0,0.0,-0.0,-0.0,-0.0,0.0,-0.0,0.0,-0.0,-0.0,-0.0,-0.0,0.0,-0.0,-0.0,0.0,-0.0,0.0,-0.0,0.0,-0.0,-0.0,0.0,-0.0,-0.0,-0.0,0.0,-0.0,0.0,-0.0,-0.0,-0.0,-0.0,0.0,-0.0,-0.0,-0.0,-0.0,-0.0,-0.0,-0.0,0.0,-0.0,0.0,-0.0,-0.0,-0.0,-0.0,-0.0,-0.0,-0.0,0.0,-0.0,0.0,-0.0,-0.0,-0.0,-0.0,0.0,-0.0,-0.0,-0.0,-0.0,-0.0,-0.0,-0.0,-0.0,0.0,-0.0,-0.0,-0.0
Venous,0.0,0.0,0.0,0.0,0.0,0.0,-0.0,0.0,-0.0,0.0,-0.0,0.0,0.0,0.0,0.0,0.0,0.0,0.0,-0.0,0.0,-0.0,0.0,0.0025614087704903883,0.0,0.0,0.0,0.0,-0.0,0.0,-0.0,0.0,0.0,0.0028028072262167598,0.0,0.0007569256492518272,0.0,0.0,0.0,0.0,0.0,0.0,0.0,-0.0,0.0,-0.0,0.0,0.0,0.0,-0.0,0.0,-0.0,-0.0,0.0,-0.0,0.0,-0.0,0.0,-0.0,0.0,-0.0,-0.0,-0.0,-0.0,0.0,-0.0,-0.0,0.0,0.0,0.0,0.0,0.0,0.0,0.0,-0.0,0.0,-0.0,0.0,0.0,0.0,0.0,0.0,0.0,-0.0,0.0,-0.0,0.0,0.0,0.0,0.0,0.0,0.0,0.0,0.0,0.0,0.0,0.0,0.0,-0.0,0.0,-0.0,0.0,0.0,0.0,-0.0,0.0,-0.0,-0.0,0.0,-0.0,0.0,-0.0,0.0,-0.0,0.0,-0.0,-0.0,-0.0,-0.0,0.0,-0.0,-0.0,0.0,0.0,0.0,0.0,0.0,0.0,0.0,0.0,-0.0,0.0,0.0,0.0,0.0,0.0,0.0,0.0,0.0,0.0,0.0,0.0,0.0,-0.0,0.0,-0.0,0.0,0.0,0.0,-0.0,0.0,-0.0,0.0,0.0,-0.0,0.0,-0.0,0.0,-0.0,0.0,-0.0,-0.0,-0.0,-0.0,0.0,-0.0,-0.0,0.0,0.0,0.0,0.0,0.0,0.0,0.0,0.0,0.0,0.0,0.0,0.0,0.0,0.0,0.0,0.0,0.0,0.0,0.0,0.0,0.0,4.992711175189968e-05,0.0,0.0,0.0,0.0,0.0,0.0,0.0,0.0,0.0,0.0,-0.0,0.0,0.0,-0.0,0.0,0.0,0.0,0.0,-0.0,0.0,-0.0,0.0,0.0,0.0,-0.0,0.0,-0.0,-0.0,0.0,-0.0,0.0,-0.0,0.0,-0.0,0.0,-0.0,-0.0,-0.0,-0.0,0.0,-0.0,-0.0,0.0,0.0,0.0,-0.0,0.0,-0.0,-0.0,0.0,-0.0,0.0,-0.0,0.0,-0.0,0.0,-0.0,-0.0,-0.0,-0.0,0.0,-0.0,-0.0,-0.0,0.0,-0.0,-0.0,-0.0,0.0,-0.0,0.0,-0.0,-0.0,-0.0,-0.0021275064249381835,0.0,-0.0,-0.036395064628492554,0.0,-0.0,0.0,-0.0,-0.0,-0.0,-0.0,0.0,-0.0,-0.0,-0.0,-0.0,-0.0,-0.0,-0.0,-0.0,0.0,-0.0,-0.0,-0.0
Rest,0.0,0.0,0.0,0.0,0.0,0.0,-0.0,0.0,-0.001910468921435546,0.0,-0.0,-0.0,0.0,0.0,-0.0,-0.0,-0.0,0.0,-0.0,-0.0,-0.0,0.0,0.0,0.0,0.0,0.0,0.0,-0.0,0.0,-0.0,0.0,0.0,0.0,0.0,0.0,0.0,0.0,0.0,-0.0,-0.0,-0.0,0.0,-0.0,-0.0,-0.0,-0.0,-0.0,0.0,-0.0,-0.0,-0.0,-0.0,0.0,-0.0,-0.0,-0.0,0.0,-0.0,0.0,-0.0,-0.0,-0.0,-0.0,-0.0,-0.0,-0.0,-0.0,0.0,0.0,-0.0,-0.0,-0.0,0.0,-0.0,-0.0,-0.0,0.0,0.0,0.0,0.0,0.0,0.0,-0.0,0.0,-0.0,0.0,0.04000514107916042,0.05771870712150089,0.0,0.0,0.0,0.0,0.0,-0.0,-0.0,-0.0,0.0,-0.0,-0.0,-0.0,-0.0,-0.0,0.0,-0.0,-0.0,-0.0,-0.0,-0.0,-0.0,-0.0,-0.0,0.0,-0.0,0.0,-0.0,-0.0,-0.0,-0.0,-0.0,-0.0,-0.0,0.0,0.0,0.0,0.0,0.0,0.0,-0.0,0.0,-0.0,0.0,0.0,0.0,0.0,0.0,0.0,0.0,0.0,0.0,0.0,0.0,0.0,-0.0,0.0,-0.0,0.0,0.0,0.0,-0.0,0.0,-0.0,-0.0,0.0,-0.0,0.0,-0.0,0.0,-0.0,0.0,-0.0,-0.0,-0.0,-0.0,0.0,-0.0,-42.363834244133805,0.0,0.0,0.0,0.0,0.0,0.0,0.0,0.0,8.079852149488314,0.18115439567214092,0.0,0.0,0.0,0.0,0.0,0.029535486851599225,0.0,0.0,0.0,0.0,0.0,0.004908132298349256,0.0,0.0,0.0,0.0,0.0,0.0,0.0,0.0,-0.0,0.0,-0.0,0.0,0.0,-3.0292012623107265,-0.0,-0.0,-0.0,0.0,-0.0,-0.0,-0.0,-0.0,-0.0,0.0,-0.0,-0.0,-0.0,-0.0,-0.0,-0.0,-0.0,-0.0,0.0,-0.0,0.0,-0.0,-0.0,-0.0,-0.0,-0.0,-0.0,-0.0,-0.0,-0.0,0.0,-0.0,-0.0,-0.0,-0.0,-0.0,-0.0,-0.0,-0.0,0.0,-0.0,0.0,-0.0,-0.0,-0.0,-0.0,-0.0,-0.0,-0.0,-0.0,-0.0,-0.0,-0.0,-0.0,0.0,-0.0,-0.0,-0.0,-0.0,-0.0,-0.0,-0.0,-0.0,-0.0,0.0,-0.0,0.0,-0.0,-0.0,-0.0,-0.0,0.0,-0.0,-0.0,-0.0,-0.0,-0.0,-0.0,-0.0,-0.0,-0.0,-0.0,-0.0,-0.0
Liver,0.0,-0.0,0.0,0.0,-0.0,-0.0,-0.0006159822856316953,-0.0,-0.0,-0.0,-0.0,-0.0,-0.0,-0.0,-0.0,-0.0,-0.0,-0.0,-0.0,-0.0,-0.0,0.0,0.0,-0.0,-0.0,-0.0,-0.0,-0.0021831864489538673,-0.0,-0.0,0.0,-0.0,-0.0,-0.0,0.0,-0.0,-0.0,-0.0,-0.0,-0.0,-0.0,-0.0,-0.0,-0.0,-0.0,-0.0,-0.0,-0.0,-0.0,-0.0,-0.0,-0.0,-0.0,-0.0,-0.0,-0.0,-0.0,-0.0,-0.0,-0.0,-0.0,-0.0,-0.0,-0.0,-0.0,-0.0,-0.0,-0.0,-0.0,-0.0,-0.0,-0.0,-0.0,-0.0,-0.0,-0.0,-0.0,-0.0,-0.0,-0.0,-0.0,-0.0,-0.0,-0.0,-0.0,-0.0,-0.0,-0.0,-0.0,-0.0,-0.0,-0.0,-0.0,-0.0,-0.0,-0.0,-0.0,-0.0,-0.0,-0.0,-0.0,-0.0,-0.0,-0.0,-0.0,-0.0,-0.0,-0.0,-0.0,-0.0,-0.0,-0.0,-0.0,-0.0,-0.0,-0.0,-0.0,-0.0,-0.0,-0.0,-0.0,0.0,0.0,-0.0,-0.0,-0.0,-0.0,-0.0,-0.0,-0.0,0.0003358104344303885,-0.0,-0.0,-0.0,0.0,-0.0,-0.0,-0.0,-0.0,-0.0,-0.0,-0.0,-0.0,-0.0,-0.0,-0.0,-0.0,-0.0,-0.0,-0.0,-0.0,-0.0,-0.0,-0.0,-0.0,-0.0,-0.0,-0.0,-0.0,-0.0,-0.0,-0.0,-0.0,-0.0,-0.0,-0.0,8.504068044677023e-07,0.0,0.0,-0.0,0.0,-0.0,-0.0,-0.0,-0.0,-0.0,-0.0,-0.0,-0.0,-0.0,-0.0,-0.0,-0.0,-0.0,-0.0,-0.0,-0.0,-0.0,-0.0,-0.0,-0.0,-0.0,0.0,-0.0,-0.0,-0.0,-0.0,-0.0,-0.0,-0.0,-0.0,-0.0,-0.0,-0.0,-0.0,-0.0,-0.0,-0.0,-0.0,-0.0,-0.0,-0.0,-0.0,-0.0,-0.0,-0.0,-0.0,-0.0,-0.0,-0.0,-0.0,-0.0,-0.0,-0.0,-0.0,-0.0,-0.0,-0.0,-0.0,-0.0,-0.0,-0.0,-0.0,-0.0,-0.0,-0.0,-0.0,-0.0,-0.0,-0.0,-0.0,-0.0,-0.0,-0.0,-0.0,-0.0,-0.0,-0.0,-0.0,-0.0,-0.0,-0.0,-0.0,-0.0,-0.0,-0.0,-0.0,-0.0,-0.0,-0.0,-0.0,-0.0,-0.0,-0.0,-0.0,-0.0,-0.0,-0.0,-0.0,-0.0,-0.0,-0.0,-0.0,-0.0,-0.0,-0.0,-0.0,-0.0,-0.0,-0.0,-0.0,-0.0,-0.0,-0.0,-0.0,-0.0
Metab,0.0,0.0,0.0,-0.0,0.0,0.0,0.0,0.0,0.0,0.0,0.0,0.0,0.0,0.0,0.0,0.0,0.0,0.0,0.0,0.0,0.0,0.0,0.0,0.0,0.0,0.0,0.0,0.0,0.0,0.0,-0.0,0.0,0.0,0.0,0.0,0.0,0.0,0.0,0.0,0.0,0.0,0.0,0.0,0.0,0.0,0.0,0.0,0.0,0.0,0.0,0.0,0.0,0.0,0.0,0.0,0.0,0.0,0.0,0.0,0.0,0.0,0.0,0.0,0.0,0.0,0.0,0.0,0.0,0.0,0.0,0.0,0.0,0.0,0.0,0.0,0.0,0.0,0.0,0.0,0.0,0.0,0.0,0.0,0.0,0.0,0.0,0.0,0.0,-0.0,0.0,0.0,0.0,0.0,0.0,0.0,0.0,0.0,0.0,0.0,0.0,0.0,0.0,0.0,0.0,0.0,0.0,0.0,0.0,0.0,0.0,-0.0,0.0,0.0,0.0,0.0,0.0,0.0,0.0,0.0,0.0,0.0,0.0,0.0,0.0,0.0,0.0,0.0,0.0,0.0,0.0,0.0,0.0,0.0,0.0,0.0,0.0,0.0,0.0,0.0,0.0,0.0,0.0,0.0,0.0,0.0,0.0,0.0,0.0,0.0,0.0,0.0,0.0,0.0,0.0,0.0,0.0,0.0022376470680837758,0.0,0.0,0.0,0.0,0.0,0.0,0.0,0.0,45.72905700028336,-2.600198440485054e-05,0.0,0.0,0.0,0.0,0.0,0.0,-0.0,0.0,0.0,-0.0,0.0,0.0,0.0,0.0,0.0,-0.0,0.0,0.0,0.0,0.0,-0.0,0.0,0.0,-0.0,0.38998144570875803,0.002501165870765866,0.0,0.0,0.0,0.0,0.0,0.09795961819778631,0.0,0.0,0.0,0.0,0.0,0.0,0.0,0.0,0.0,0.0,0.0,0.0,0.0,0.0,0.0,0.0,0.0,0.0,0.0,0.0,0.0,0.0,0.0,0.0,0.0,0.0,0.0,0.0,0.0,0.0,0.0,0.0,0.0,0.0,0.0,0.0,0.0,0.0,0.0,0.0,0.0,0.0,0.0,0.0,0.0,0.0,0.0,0.0,0.0,0.0,0.0,0.0,0.0,0.0,0.0,0.0,-0.0,0.0,0.0,0.0,0.0,0.0,0.0,0.0,0.0,-0.0,0.0,0.6969067297900453,0.0,0.0,0.0,0.0,0.0,0.0,0.0,0.0,0.0,0.0,0.0,0.0,0.0,0.0,0.0,0.0,0.0,0.0,0.0
Kidney,0.0,0.0,0.0,0.0,0.0,0.0,-0.0,0.0,-0.0,0.0,-0.0,0.0,0.0,0.0,0.0,0.0,-0.0,0.0,-0.0,0.0,-0.0,0.0,0.0,0.0,0.0,0.0,0.0,-0.0,0.0,-0.0,0.0,0.0,0.0,0.0,0.0,0.0,0.0,0.0,0.0,0.0,-0.0,0.0,-0.0,0.0,-0.0,0.0,-0.0,0.0,-0.0,0.0,-0.0,-0.0,0.0,-0.0,-0.0,-0.0,0.0,-0.0,0.0,-0.0,-0.0,-0.0,-0.0,0.0,-0.0,-0.0,0.0,0.0,0.0,0.0,0.0,-0.0,0.0,-0.0,0.0,-0.0,0.0,0.0,0.0,0.0,0.0,0.0,-0.0,0.0,-0.0,0.0,0.0,0.0,0.0,0.0,0.0,0.0,0.0,0.0,0.0,-0.0,0.0,-0.0,0.0,-0.0,0.0,-0.0,0.0,-0.0,0.0,-0.0,-0.0,0.0,-0.0,-0.0,-0.0,0.0,-0.0,0.0,-0.0,-0.0,-0.0,-0.0,0.0,-0.0,-0.0,0.0,0.0,0.0,0.0,0.0,0.0,-0.0,0.0,-0.0,0.0,0.0,0.0,0.0,0.0,0.0,0.0,0.0,0.0,0.0,0.0,0.0,-0.0,0.0,-0.0,0.0,0.0,0.0,-0.0,0.0,-0.0,-0.0,0.0,-0.0,0.0,-0.0,0.0,-0.0,0.0,-0.0,-0.0,-0.0,-0.0,0.0,-0.0,-0.0,0.0,0.0,0.0,0.0,0.0,0.0,0.0,0.0,0.0,0.0,0.0,0.0,0.0,0.0,0.0,0.0,0.0,0.0,0.0,0.0,0.0,0.0,0.0,0.0,0.0,0.0,0.0,0.0,0.0,0.0,0.0,0.0,-0.0,0.0,0.0,-0.0,0.0,0.0,-0.0,0.0,-0.0,0.0,-0.0,0.0,-0.0,0.0,-0.0,0.0,-0.0,-0.0,0.0,-0.0,-0.0,-0.0,0.0,-0.0,0.0,-0.0,-0.0,-0.0,-0.0,0.0,-0.0,-0.0,0.0,-0.0,0.0,-0.0,0.0,-0.0,-0.0,0.0,-0.0,-0.0,-0.0,0.0,-0.0,0.0,-0.0,-0.0,-0.0,-0.0,0.0,-0.0,-0.0,-0.0,-0.0,-0.0,-0.0,-0.0,0.0,-0.0,0.0,-0.0,-0.0,-0.0,-0.0,-0.0,-0.0,-0.0,0.0,-0.0,0.0,-0.0,-0.0,-0.0,-0.0,0.0,-0.0,-0.0,-0.0,-0.0,-0.0,-0.0,-0.0,-0.0,0.0,-0.0,-0.0,-0.0
Tubules,0.0,0.0,-0.0,-6.726346302047142e-05,0.0,0.0,0.0,0.0,0.0,0.0,0.0,0.0,0.0,-0.0,0.0,0.0,0.0,0.0,0.0,0.0,0.0,-0.0,-0.0,0.0,0.0,0.0,-0.0,0.0,0.0,0.3709723126113645,-0.0,-0.0,-0.0,0.0,-0.0,0.0,-0.0,0.0,0.0,0.0,0.0,0.0,0.0,0.0,0.0,0.0,0.0,0.0,0.0,0.0,0.0,0.0,0.0,0.0,0.0,0.0,0.0,0.00593819623538401,0.0,0.0,0.0,0.0,0.0,0.0,0.0,0.0,0.0,0.0,0.0,0.0,0.0,0.0,0.0,0.0,0.0,0.0,0.0,-0.0,0.0,0.0,0.0,0.0,0.0,0.0,0.0,-0.0,0.0,0.0,0.0,-0.0,0.0,0.0,0.0,0.0,0.0,0.0,0.0,0.0,0.0,0.0,0.0,0.0,0.0,0.0,0.0,0.0,0.0,0.0,0.0,0.0,0.0,0.0,0.0,0.0,0.0,0.0,0.0,0.0,0.0,0.0,0.0,-0.0,-0.0,0.0,0.0,0.0,-0.0,0.0,0.0,0.0,-0.0,-0.0,-0.0,0.0,-0.0,0.0,-0.0,0.0,0.0,0.0,0.0,0.0,0.0,0.0,0.0,0.0,0.0,0.0,0.0,0.0,0.0,0.0,0.0,0.0,0.0,0.0,-0.0,0.0,0.0,0.0,0.0,0.0,0.0,0.0,0.0,0.0,-0.0,-0.0,-0.0,-0.0,-0.0,-0.0,-0.0,0.0,0.0,0.0,0.0,-0.0,0.0,0.0,0.0,0.0,0.0,-0.0,0.0,0.0,0.0,0.0,0.0,0.0,0.0,0.0,-0.0,0.0,-0.0,0.0,0.0,0.0,0.0,0.0,0.0,0.0,0.0,0.0,0.0,0.0,0.0,0.0,0.0,0.0,0.0,0.0,0.0,0.0,0.0,0.0,0.0,0.0,0.0,0.0,0.0,0.0,0.0,0.0,0.0,0.0,0.0,0.0,0.0,0.0,0.0,0.0,0.0,0.0,0.0,0.0,0.0,0.0,0.0,0.0,0.0,0.0,0.0,0.0,0.0,0.0,0.0,0.0,0.0,0.0,0.0,0.0,0.0,0.0,0.0,0.0,0.0,0.0,0.0,0.0,0.0,0.0,0.0,0.0,0.0,0.0,-0.0,0.0,0.0,0.0,0.0,0.0,0.0,0.0,0.0,0.0,0.0,0.0,0.0,0.0,0.0,0.0,0.0,0.0,0.0,0.0
